Workbook
Name Matrix: Data!$A$1:$C$2

Sheet Data
A1: 1 | B1: 2 | C1: 3 | E1: 2 | F1: 10 | G1: x | H1: Qty | I1: Price
A2: 4 | B2: 5 | C2: 6 | E2: 3 | F2: 20 | G2: ="" | H2: 1 | I2: 10
A3: 7 | B3: 8 | C3: 9 | E3: =TRUE() -> TRUE | F3: 30 | G3: 0 | H3: 2 | I3: 20
F4: 40 | H4: 3 | I4: 30
E5: =1/0 -> #DIV/0! | F5: 50

Sheet Calls
A1: =SUMPRODUCT(Data!A1:A3,Data!B1:B3) -> 78 | B1: =SUMPRODUCT(Data!A1:C1*Data!A1:A3) -> 72 | C1: =SUMPRODUCT({1,2,3;4,5,6},{1,2;3,4;5,6}) -> #VALUE! | D1: =SUMPRODUCT(Data!A1:A3/Data!G1:G3) -> #VALUE!
A2: =SUMPRODUCT(Data!A1:C2,Data!A2:C3) -> 154 | B2: =SUMPRODUCT(Data!A1:C2*Data!A1:B3) -> #N/A | C2: =SUMPRODUCT({1,"2",TRUE}, {2,3,4}) -> 2 | D2: =SUMPRODUCT(-Data!A1:A3) -> -12
A3: =SUMPRODUCT(Data!A1:C2,Data!A1:B3) -> #VALUE! | B3: =SUMPRODUCT(Data!E1:E4,Data!F1:F4) -> 20 | C3: =SUMPRODUCT({1,"2",TRUE}*{2,3,4}) -> 12 | D3: =SUMPRODUCT(Data!A1:A3%) -> 0.12
A4: =SUMPRODUCT(Data!A1:A3,Data!A1:C1) -> #VALUE! | B4: =SUMPRODUCT(Data!E1:E4*Data!F1:F4) -> 110 | C4: =SUMPRODUCT(Matrix,Data!A2:C3) -> 154 | D4: =SUMPRODUCT(Data!A1:A3&"x") -> 0
A5: =SUMPRODUCT(Data!A1:A3) -> 12 | B5: =SUMPRODUCT(Data!G1:G3,Data!F1:F3) -> 0 | C5: =SUMPRODUCT(Matrix*2) -> 42 | D5: =SUMPRODUCT({1;2;3}+{10,20}) -> 102
A6: =SUMPRODUCT(Data!A1:A3,2) -> #VALUE! | B6: =SUMPRODUCT(Data!G1:G3*Data!F1:F3) -> #VALUE! | C6: =SUMPRODUCT(Items[Qty],Items[Price]) -> 140 | D6: =SUMPRODUCT(Data!A1:C2,Data!A2:C3,Data!A1:C2) -> 714
A7: =SUMPRODUCT(Data!A1:A3*2) -> 24 | B7: =SUMPRODUCT(Data!E1:E5,Data!F1:F5) -> #DIV/0! | C7: =SUMPRODUCT(Items[Qty]*Items[Price]) -> 140 | D7: =SUMPRODUCT(Data!A1:A3=4) -> 0
A8: =SUMPRODUCT((Data!A1:A3>1)*Data!B1:B3) -> 13 | B8: =SUMPRODUCT(0*Data!E1:E5) -> #DIV/0! | C8: =SUMPRODUCT(INDEX(Data!A1:C3,0,2),Data!A1:A3) -> 78 | D8: =SUMPRODUCT(--(Data!A1:A3=4)) -> 1
A9: =SUMPRODUCT(--(Data!A1:A3>1),Data!B1:B3) -> 13 | B9: =SUMPRODUCT(2,3) -> 6 | C9: =SUMPRODUCT(INDIRECT("Data!A1:A3"),Data!B1:B3) -> 78 | D9: =SUMPRODUCT(Data!E4*Data!F4) -> 0
A10: =SUMPRODUCT(Data!A1:A3>1,Data!B1:B3) -> 0 | B10: =SUMPRODUCT(TRUE,3) -> #VALUE! | C10: =IFERROR(SUMPRODUCT(Data!E1:E5),99) -> 99 | D10: =SUMPRODUCT(Data!G2*Data!F2) -> #VALUE!
A11: =SUMPRODUCT(Data!A1:A3+Data!B1:B3) -> 27 | B11: =SUMPRODUCT("2",3) -> #VALUE! | C11: =SUMPRODUCT(IFERROR(Data!E1:E5,0),Data!F1:F5) -> #VALUE! | D11: =SUMPRODUCT({1,#N/A},{0,0}) -> #N/A
A12: =SUMPRODUCT(Data!A1:A3^2) -> 66 | B12: =SUMPRODUCT({1,2;3,4},{5,6;7,8}) -> 70 | C12: =SUMPRODUCT(IF(Data!A1:A3>1,Data!B1:B3,0)) -> #VALUE! | D12: =SUMPRODUCT({1;2}+{10;20;30}) -> #N/A
