Workbook
Name ColumnValues: Data!$A$1:$A$5
Name NextColumn: Data!$A1:$A5
Name RelativeArea: Data!$A2:$B3

Sheet Data
A1: 1 | B1: 6 | C1: 7
A2: 4 | B2: =FALSE() -> FALSE
A3: 9
A4: 16
A5: 25
A7: =""
A8: =1/0 -> #DIV/0!

Sheet Calls
C1: =Data!A1:A8 -> 1
B2: =Data!A1:B4 -> FALSE | C2: =Data!A1:A5 -> 4 | D2: =SUM(Data!A1:A5) -> 55 | E2: =Data!A1:B4 -> #VALUE! | F2: =SUM(IF(TRUE,Data!A1:A5,0)) -> 55 | G2: =IFERROR(Data!A1:A8,99) -> 4 | H2: =ISERROR(Data!A1:A8) -> FALSE | I2: =NextColumn -> 4
C3: =Data!A1:A5+1 -> 10 | D3: =INDEX(Data!A1:A5,0) -> 9 | E3: =SUM(Data!A1:A5+1) -> 10 | F3: =SUM(IFERROR(Data!A1:A5,0)) -> 9 | G3: =AVERAGE(Data!A1:A5) -> 11 | I3: =IFERROR(RelativeArea,0) -> 0
C4: =SQRT(Data!A1:A5) -> 4 | D4: =INDIRECT("Data!A1:A5") -> 16 | E4: =Data!A:A -> 16
D5: =ColumnValues -> 25
C6: =Data!A1:A8 -> 0 | D6: =ISNUMBER(Data!A1:A8) -> FALSE | E6: =ISTEXT(Data!A1:A8) -> FALSE | F6: =ISBLANK(Data!A1:A8) -> TRUE | I6: =NextColumn -> 0
C7: =Data!A1:A8 | D7: =ISNUMBER(Data!A1:A8) -> FALSE | E7: =ISTEXT(Data!A1:A8) -> TRUE | F7: =ISBLANK(Data!A1:A8) -> FALSE | I7: =PMT(Data!A6:A7,1,100) -> #VALUE!
C8: =Data!A1:A8 -> #DIV/0! | D8: =ISNUMBER(Data!A1:A8) -> FALSE | E8: =ISTEXT(Data!A1:A8) -> FALSE | F8: =ISBLANK(Data!A1:A8) -> FALSE | G8: =IFERROR(Data!A1:A8,99) -> 99 | H8: =ISERROR(Data!A1:A8) -> TRUE
C9: =Data!A1:A5 -> #VALUE!
B10: =Data!A1:C1 -> 6 | E10: =Data!1:1 -> 0 | F10: =Data!A1:C1 -> #VALUE!
