Workbook

Sheet Data
A1: 1 | B1: 2 | C1: 3 | E1: 2
A2: 4 | B2: 5 | C2: 6 | E2: =NA() -> #N/A
A3: 7 | B3: 8 | C3: 9 | E3: =1/0 -> #DIV/0!

Sheet Calls
A1: case 1 | B1: =SUMPRODUCT(IF(Data!A1:A3>1,Data!B1:B3,0)) -> 0 | C1: {=SUMPRODUCT(IF(Data!A1:A3>1,Data!B1:B3,0))} -> 13
A2: case 2 | B2: =SUMPRODUCT(IF(TRUE,Data!A1:A3,0)) -> 12 | C2: {=SUMPRODUCT(IF(TRUE,Data!A1:A3,0))} -> 12
A3: case 3 | B3: =SUMPRODUCT(IFERROR(Data!E1:E3,0)) -> 0 | C3: {=SUMPRODUCT(IFERROR(Data!E1:E3,0))} -> 2
A4: case 4 | B4: =SUMPRODUCT(IFERROR(Data!E1:E3*1,0)) -> 0 | C4: {=SUMPRODUCT(IFERROR(Data!E1:E3*1,0))} -> 2
A5: case 5 | B5: =SUM(IF(Data!A1:A3>1,Data!B1:B3,0)) -> #VALUE! | C5: {=SUM(IF(Data!A1:A3>1,Data!B1:B3,0))} -> 13
A6: case 6 | B6: =SUM(IFERROR(Data!E1:E3,0)) -> 0 | C6: {=SUM(IFERROR(Data!E1:E3,0))} -> 2
A7: case 7 | B7: =SUM(IF(TRUE,Data!A1:A3,0)) -> 12 | C7: {=SUM(IF(TRUE,Data!A1:A3,0))} -> 12
A8: case 8 | B8: =SUMPRODUCT(IF({TRUE;FALSE;TRUE},Data!B1:B3,0)) -> 10 | C8: {=SUMPRODUCT(IF({TRUE;FALSE;TRUE},Data!B1:B3,0))} -> 10
A9: case 9 | B9: =SUMPRODUCT(IF(Data!A1:A3>1,1/0,0)) -> #VALUE! | C9: {=SUMPRODUCT(IF(Data!A1:A3>1,1/0,0))} -> #DIV/0!
A10: case 10 | B10: =SUMPRODUCT(IF(Data!A1:A3>1,Data!B1:B3,{10;20;30})) -> #VALUE! | C10: {=SUMPRODUCT(IF(Data!A1:A3>1,Data!B1:B3,{10;20;30}))} -> 23
A11: case 11 | B11: =SUMPRODUCT(IFERROR({1;#N/A;3},9)) -> 13 | C11: {=SUMPRODUCT(IFERROR({1;#N/A;3},9))} -> 13
A12: case 12 | B12: =SUMPRODUCT(_xlfn.IFNA(Data!E1:E3,9)) -> #VALUE! | C12: {=SUMPRODUCT(_xlfn.IFNA(Data!E1:E3,9))} -> #DIV/0!
A13: case 13 | B13: =SUMPRODUCT(IF(FALSE,1/0,Data!B1:B3)) -> 15 | C13: {=SUMPRODUCT(IF(FALSE,1/0,Data!B1:B3))} -> 15
A14: case 14 | B14: =SUMPRODUCT(IF(Data!A1:A3>1,Data!B1:C3,0)) -> #VALUE! | C14: {=SUMPRODUCT(IF(Data!A1:A3>1,Data!B1:C3,0))} -> 28
A15: case 15 | B15: =SUMPRODUCT(IFERROR(Data!E1:E3,Data!B1:C3)) -> 33 | C15: {=SUMPRODUCT(IFERROR(Data!E1:E3,Data!B1:C3))} -> 32
A16: case 16 | B16: =SUMPRODUCT(IFERROR(Data!E1:E3,0),Data!A1:A3) -> #VALUE! | C16: {=SUMPRODUCT(IFERROR(Data!E1:E3,0),Data!A1:A3)} -> 2
